"Name","Calls","TotalDurationNs","AverageNs","Percentage","MinNs","MaxNs","StdDev"
"void mul_mat_q_routed_compact<(ggml_type)8, 48, false>(char const*, int const*, int const*, int const*, unsigned int const*, int, float*, float const*, HIP_vector_type<unsigned int, 3u>, int, int, int, int, HIP_vector_type<unsigned int, 3u>, int, HIP_vector_type<unsigned int, 3u>, int)",3840,1573384575,409735.566406,43.25,270684,3658658,103890.062476
"void mul_mat_q<(ggml_type)8, 128, false, false>(char const*, int const*, int const*, int const*, float*, float*, float const*, HIP_vector_type<unsigned int, 3u>, int, int, int, int, int, HIP_vector_type<unsigned int, 3u>, HIP_vector_type<unsigned int, 3u>, int, int, int, HIP_vector_type<unsigned int, 3u>, HIP_vector_type<unsigned int, 3u>, int, int, int, HIP_vector_type<unsigned int, 3u>, char const*, ggml_glu_op, float)",8000,563022477,70377.809625,15.48,13280,1263460,64843.901546
"void flash_attn_ext_f16<256, 256, 8, 8, false, false, false>(char const*, char const*, char const*, char const*, char const*, int const*, float*, HIP_vector_type<float, 2u>*, float, float, float, float, unsigned int, float, int, HIP_vector_type<unsigned int, 3u>, int, int, int, int, int, int, int, int, int, int, int, long, int, int, long, int, int, int, int, int, long, int const*, int const*, int const*, int, int)",320,276142433,862945.103125,7.59,148042,1606698,435533.049832
"Cijk_Alik_Bljk_S_B_Bias_HA_S_SAV_UserArgs_MT64x64x16_SN_LDSB0_AFC1_AG0_AGGSUA0_AGNTAB0_AFEM1_AFEM1_ASEM1_CD1_1_CLR0_CLS0_CADS0_DTLA0_DTLB0_DTLM0_DTVA0_DTVB0_DTVMXSA0_DTVMXSB0_DTVSM0_DPLB0_EPS0_ELFLR0_EMLLn1_FDSI0_GRPM1_GRVWA1_GRVWB1_GSUAMB_GLS0_HPLR0_ISA1201_ICIW0_IU1_K1_LDSTI0_LBSPPA0_LBSPPB0_LBSPPMXSA0_LBSPPMXSB0_LBSPPM0_LPA1_LPB1_LPMXSA0_LPMXSB0_LPM0_LRVW1_LWPMn1_MIAV0_MXLIBL_MXSFNS_MO40_MGRIPM1_NTn1_NTA0_NTB0_NTC0_NTD0_NTE0_NTMXSA0_NTMXSB0_NTM0_NTWS0_NVn1_NVA0_NVB0_NVC0_NVD0_NVE0_NVMXSA0_NVMXSB0_NVM0_NVWS0_NEPBS0_NLCA1_NLCB1_ONLL1_PAP0_PGL0_PGR0_PLR1_PKA0_SGROB0_SIA1_SS0_SPO0_SRVW0_SSO0_SVW1_SK0_SKFTR0_SKFDPO0_SKXCCM0_SNLL0_SIP1_SGRO0_TDMI0_TDMIM0_TDMS0_TIN0_THn1_THA0_THB0_THC0_THD0_THE0_THMXSA0_THMXSB0_THM0_THWS0_TT8_8_TLDS0_TLDSM1_ULSGRO0_USL1_USLMX0_UIOFGRO0_UPLRP0_USFGROn1_USI0_VSn1_VWA1_VWB1_WSGRA0_WSGRB0_WS32_WG8_8_1",1280,171229290,133772.882812,4.71,118722,318325,12234.625691
"void mm_ids_helper<8>(int const*, int*, int*, int*, int, int, int, int, int, bool)",2560,125288554,48940.841406,3.44,38561,85641,6448.067410
"void quantize_mmq_q8_1<(mmq_q8_1_ds_layout)0, false>(float const*, int const*, void*, long, long, long, long, long, int, int, int, int)",9920,97009979,9779.231754,2.67,5160,347484,6155.914227
"void unary_gated_op_kernel<&(op_silu(float)), float>(float const*, float const*, float*, long, long, long, long)",3520,76113068,21623.030682,2.09,4160,488488,16902.563148
"moe_weighted_reduction_f32_vec4(float const*, float const*, float const*, float*, long, int)",1280,73009304,57038.518750,2.01,44880,103962,6182.313784
"void rms_norm_f32<1024, true, false>(float const*, float*, int, long, long, long, float, float const*, long, long, long, HIP_vector_type<unsigned int, 3u>, HIP_vector_type<unsigned int, 3u>, HIP_vector_type<unsigned int, 3u>, HIP_vector_type<unsigned int, 3u>, float const*, long, long, long, HIP_vector_type<unsigned int, 3u>, HIP_vector_type<unsigned int, 3u>, HIP_vector_type<unsigned int, 3u>, HIP_vector_type<unsigned int, 3u>)",2592,67121061,25895.471065,1.85,12840,333843,11774.694964
"void rms_norm_f32<256, true, false>(float const*, float*, int, long, long, long, float, float const*, long, long, long, HIP_vector_type<unsigned int, 3u>, HIP_vector_type<unsigned int, 3u>, HIP_vector_type<unsigned int, 3u>, HIP_vector_type<unsigned int, 3u>, float const*, long, long, long, HIP_vector_type<unsigned int, 3u>, HIP_vector_type<unsigned int, 3u>, HIP_vector_type<unsigned int, 3u>, HIP_vector_type<unsigned int, 3u>)",1600,60181376,37613.360000,1.65,5400,276484,18427.324194
"void mul_mat_q<(ggml_type)8, 128, true, false>(char const*, int const*, int const*, int const*, float*, float*, float const*, HIP_vector_type<unsigned int, 3u>, int, int, int, int, int, HIP_vector_type<unsigned int, 3u>, HIP_vector_type<unsigned int, 3u>, int, int, int, HIP_vector_type<unsigned int, 3u>, HIP_vector_type<unsigned int, 3u>, int, int, int, HIP_vector_type<unsigned int, 3u>, char const*, ggml_glu_op, float)",1920,57632070,30016.703125,1.58,26000,253564,5743.245408
"void k_argsort_f32_i32<(ggml_sort_order)1>(float const*, int*, int, int)",1280,52515455,41027.699219,1.44,31361,292483,7674.872989
"void ssm_conv_long_token_f32<true, 128ul, 4ul, 32l>(float const*, float const*, float const*, int, int, int, int, float*, int, int, int, long)",960,48800346,50833.693750,1.34,43681,615250,25884.902252
"void rms_norm_f32<256, false, false>(float const*, float*, int, long, long, long, float, float const*, long, long, long, HIP_vector_type<unsigned int, 3u>, HIP_vector_type<unsigned int, 3u>, HIP_vector_type<unsigned int, 3u>, HIP_vector_type<unsigned int, 3u>, float const*, long, long, long, HIP_vector_type<unsigned int, 3u>, HIP_vector_type<unsigned int, 3u>, HIP_vector_type<unsigned int, 3u>, HIP_vector_type<unsigned int, 3u>)",1920,47920738,24958.717708,1.32,21520,74401,3872.403779
"gdn_bf16_scan_cuda(float const*, float const*, float const*, float const*, float const*, float const*, float*, float*, unsigned short const*, long, long, long, long, long, long, long, long, long, long, HIP_vector_type<unsigned int, 3u>, HIP_vector_type<unsigned int, 3u>, float, long, int)",960,46411134,48344.931250,1.28,42081,263244,13533.167167
"void cpy_scalar<&(void cpy_1_scalar<float, float>(char const*, char*))>(char const*, char*, long, long, long, long, long, long, long, long, long, long, long, long, long, long, long)",1280,30376485,23731.628906,0.8350,3840,119441,31541.871132
"void concat_transposed_src1_dim0<unsigned int>(char const*, char const*, char*, long, long, long, unsigned long, unsigned long, unsigned long, unsigned long, unsigned long, unsigned long, unsigned long, unsigned long, unsigned long)",960,29421233,30647.117708,0.8088,26600,175282,9372.344267
"void k_bin_bcast<&(op_add(float, float)), float, float, float, float const*, float const*>(float const*, float const*, float*, unsigned int, unsigned int, unsigned int, HIP_vector_type<unsigned int, 3u>, HIP_vector_type<unsigned int, 3u>, HIP_vector_type<unsigned int, 3u>, HIP_vector_type<unsigned int, 3u>, HIP_vector_type<unsigned int, 3u>, unsigned int, unsigned int, unsigned int, unsigned int, unsigned int, unsigned int, unsigned int, unsigned int, unsigned int, unsigned int, unsigned int, float const*, float const*)",1280,25368794,19819.370312,0.6974,15481,242043,8689.475648
"void mul_mat_vec_f<float, float, 1, 256, false, false>(float const*, float const*, int const*, ggml_cuda_mm_fusion_args_device, float*, int, HIP_vector_type<unsigned int, 3u>, int, int, int, HIP_vector_type<unsigned int, 3u>, int, int, int, HIP_vector_type<unsigned int, 3u>, int, int, int, int)",1280,21299406,16640.160938,0.5855,14121,227402,6105.461779
"void k_bin_bcast<&(op_add(float, float)), float, float, float, float const*>(float const*, float const*, float*, unsigned int, unsigned int, unsigned int, HIP_vector_type<unsigned int, 3u>, HIP_vector_type<unsigned int, 3u>, HIP_vector_type<unsigned int, 3u>, HIP_vector_type<unsigned int, 3u>, HIP_vector_type<unsigned int, 3u>, unsigned int, unsigned int, unsigned int, unsigned int, unsigned int, unsigned int, unsigned int, unsigned int, unsigned int, unsigned int, unsigned int, float const*)",2240,21187983,9458.920982,0.5825,1880,216004,7744.962959
"void rope_multi<true, false, float, float>(float const*, float*, int, int, int, int, int, int, int, int, int, int, int, int const*, float, float, float, rope_corr_dims, float, float const*, mrope_sections, bool, bool, long const*, int)",320,20867323,65210.384375,0.5736,58201,95162,4778.196232
"void soft_max_f32<true, 256, 256, float>(float const*, float const*, float const*, float*, soft_max_params)",1280,18894424,14761.268750,0.5194,12441,45161,1178.854045
"void k_bin_bcast<&(op_mul(float, float)), float, float, float, float const*>(float const*, float const*, float*, unsigned int, unsigned int, unsigned int, HIP_vector_type<unsigned int, 3u>, HIP_vector_type<unsigned int, 3u>, HIP_vector_type<unsigned int, 3u>, HIP_vector_type<unsigned int, 3u>, HIP_vector_type<unsigned int, 3u>, unsigned int, unsigned int, unsigned int, unsigned int, unsigned int, unsigned int, unsigned int, unsigned int, unsigned int, unsigned int, unsigned int, float const*)",2240,17211683,7683.787054,0.4731,1760,65520,5066.147274
"scale_f32(float const*, float*, float, float, long)",2040,16342186,8010.875490,0.4492,1800,368964,8970.225489
"void k_get_rows_float<float, float>(float const*, int const*, float*, long, long, HIP_vector_type<unsigned int, 3u>, unsigned long, unsigned long, unsigned long, unsigned long, unsigned long, unsigned long, unsigned long, unsigned long, unsigned long)",2248,14449094,6427.532918,0.3972,1760,25761,3458.887878
"void build_mmq_routed_descriptors<48>(int const*, unsigned int*, int, int)",3840,13253818,3451.515104,0.3643,2640,11800,479.828235
"void quantize_mmq_q8_1<(mmq_q8_1_ds_layout)0, true>(float const*, int const*, void*, long, long, long, long, long, int, int, int, int)",1280,12823364,10018.253125,0.3525,8801,39081,1211.108971
"void gdn_bf16_kkt_cuda<2>(float const*, float const*, float const*, unsigned short*, long, long, long, long, long, long, long, int)",960,12697066,13226.110417,0.3490,11841,63161,2862.957880
"void unary_gated_op_kernel<&(op_sigmoid(float)), float>(float const*, float const*, float*, long, long, long, long)",320,7580220,23688.187500,0.2084,21441,35801,1619.324377
"void k_get_rows_float_vec<float>(float const*, int const*, float*, long, long, HIP_vector_type<unsigned int, 3u>, unsigned long, unsigned long, unsigned long, unsigned long, unsigned long, unsigned long, unsigned long, unsigned long, unsigned long)",960,7545301,7859.688542,0.2074,3720,84801,3136.432045
"void mul_mat_vec_q_ksplit<(ggml_type)8, 1, false, false, false, 0, false>(void const*, void const*, int const*, ggml_cuda_mm_fusion_args_device, float*, unsigned int, HIP_vector_type<unsigned int, 3u>, unsigned int, unsigned int, unsigned int, HIP_vector_type<unsigned int, 3u>, unsigned int, unsigned int, unsigned int, HIP_vector_type<unsigned int, 3u>, unsigned int, unsigned int, unsigned int, unsigned int)",8,7024596,878074.500000,0.1931,876210,881650,2132.060104
"__amd_rocclr_copyBuffer",655,4616949,7048.777099,0.1269,1840,28760,4583.597563
"void unary_op_kernel<&(op_sigmoid(float)), float>(float const*, float*, int)",2240,3965647,1770.378125,0.1090,1440,10320,280.481041
"void rope_multi<true, false, float, __hip_bfloat16>(float const*, __hip_bfloat16*, int, int, int, int, int, int, int, int, int, int, int, int const*, float, float, float, rope_corr_dims, float, float const*, mrope_sections, bool, bool, long const*, int)",320,3327480,10398.375000,0.0915,9280,14880,725.405853
"void k_bin_bcast<&(op_div(float, float)), float, float, float, float const*>(float const*, float const*, float*, unsigned int, unsigned int, unsigned int, HIP_vector_type<unsigned int, 3u>, HIP_vector_type<unsigned int, 3u>, HIP_vector_type<unsigned int, 3u>, HIP_vector_type<unsigned int, 3u>, HIP_vector_type<unsigned int, 3u>, unsigned int, unsigned int, unsigned int, unsigned int, unsigned int, unsigned int, unsigned int, unsigned int, unsigned int, unsigned int, unsigned int, float const*)",1280,2603708,2034.146875,0.0716,1800,7080,228.488346
"void reduce_rows_f32<false>(float const*, float*, int)",1280,2377146,1857.145313,0.0653,1560,7800,236.178056
"__amd_rocclr_fillBufferAligned",6,2341791,390298.500000,0.0644,31080,561249,185640.667221
"void op_clamp_kernel<float>(float const*, float*, float, float, int)",1280,2068347,1615.896094,0.0569,1360,4761,170.411518
"void k_set_rows<float, long, __hip_bfloat16>(float const*, long const*, __hip_bfloat16*, long, long, long, long, long, long, long, long, long, long, long, long, long, long, HIP_vector_type<unsigned int, 3u>, HIP_vector_type<unsigned int, 3u>, HIP_vector_type<unsigned int, 3u>, HIP_vector_type<unsigned int, 3u>, HIP_vector_type<unsigned int, 3u>)",320,1957349,6116.715625,0.0538,5440,15880,682.602656
"void unary_op_kernel<&(op_softplus(float)), float>(float const*, float*, int)",960,1742551,1815.157292,0.0479,1520,12640,513.872656
"void convert_unary<__hip_bfloat16, __half>(void const*, __half*, long, long, long, HIP_vector_type<unsigned int, 3u>, long, long, long)",80,552691,6908.637500,0.0152,4480,11720,1755.983631
"quantize_q8_1(float const*, void*, long, long, long, long, long, unsigned int, HIP_vector_type<unsigned int, 3u>)",8,16800,2100.000000,4.618e-04,2000,2320,115.139667
