cell	arm	axis	spec	rc	tps	tok	acc	meanlen	accepted	gen
dense1	stock	code-python	plain	0	28.24	3000				
dense1	pr	code-python	plain	0	28.24	3000				
dense1	deliv	code-python	plain	0	28.87	3000				
dense1	stock	code-python	static_n3	0	62.73	3000	0.90119	3.70	2189	2429
dense1	pr	code-python	static_n3	0	62.66	3000	0.90119	3.70	2189	2429
dense1	deliv	code-python	static_n3	0	63.56	3000	0.90770	3.72	2193	2416
dense1	pr	code-python	mtp_n9	0	82.33	3000	0.66327	6.52	2539	3828
dense1	deliv	code-python	mtp_n9	0	77.02	3000	0.68222	6.39	2529	3707
dense1	deliv	code-python	mtp_n9s9	0	85.07	3000	0.66337	6.71	2552	3847
dense1	pr	code-python	combo_n9nm45	0	82.21	3000	0.66327	6.52	2539	3828
dense1	deliv	code-python	combo_n9nm45	0	76.92	3000	0.68222	6.39	2529	3707
dense1	deliv	code-python	combo_n9s9nm45	0	85.05	3000	0.66337	6.71	2552	3847
dense1	deliv	code-python	adaptive_n7	0	60.85	3000	0.73984	5.94	2494	3371
dense1	pr	code-python	adaptive_n12	0	81.82	3000	0.58519	7.09	2576	4402
dense1	deliv	code-python	adaptive_n12	0	84.66	3000	0.66337	6.71	2552	3847
dense1	pr	code-python	pinned8	0	85.79	3000	0.70323	6.61	2545	3619
dense1	deliv	code-python	pinned8	0	85.76	3000	0.69739	6.56	2542	3645
dense1	pr	code-python	pinned12	0	80.85	3000	0.52922	7.33	2590	4894
dense1	deliv	code-python	pinned12	0	84.35	3000	0.55111	7.59	2604	4725
dense1	stock	prose-rdna-boosts	plain	0	27.86	2424				
dense1	pr	prose-rdna-boosts	plain	0	27.87	2424				
dense1	deliv	prose-rdna-boosts	plain	0	28.49	2226				
dense1	stock	prose-rdna-boosts	static_n3	0	58.74	2237	0.84518	3.54	1605	1899
dense1	pr	prose-rdna-boosts	static_n3	0	58.66	2237	0.84518	3.54	1605	1899
dense1	deliv	prose-rdna-boosts	static_n3	0	56.77	2226	0.81099	3.43	1579	1947
dense1	pr	prose-rdna-boosts	mtp_n9	0	69.38	2319	0.57448	5.63	1909	3323
dense1	deliv	prose-rdna-boosts	mtp_n9	0	51.56	2226	0.63446	4.78	1760	2774
dense1	deliv	prose-rdna-boosts	mtp_n9s9	0	57.02	2135	0.60232	5.11	1716	2849
dense1	pr	prose-rdna-boosts	combo_n9nm45	0	69.37	2319	0.57448	5.63	1909	3323
dense1	deliv	prose-rdna-boosts	combo_n9nm45	0	51.48	2226	0.63446	4.78	1760	2774
dense1	deliv	prose-rdna-boosts	combo_n9s9nm45	0	57.12	2135	0.60232	5.11	1716	2849
dense1	deliv	prose-rdna-boosts	adaptive_n7	0	52.25	2226	0.64754	4.67	1749	2701
dense1	pr	prose-rdna-boosts	adaptive_n12	0	68.15	2423	0.50805	5.96	2019	3974
dense1	deliv	prose-rdna-boosts	adaptive_n12	0	57.04	2135	0.60232	5.11	1716	2849
dense1	pr	prose-rdna-boosts	pinned8	0	74.89	2339	0.62340	5.99	1950	3128
dense1	deliv	prose-rdna-boosts	pinned8	0	69.13	2094	0.55632	5.45	1709	3072
dense1	pr	prose-rdna-boosts	pinned12	0	67.36	2088	0.44310	6.32	1760	3972
dense1	deliv	prose-rdna-boosts	pinned12	0	70.97	2368	0.46399	6.57	2010	4332
dense1	stock	reasoning	plain	0	28.27	3000				
dense1	pr	reasoning	plain	0	28.26	3000				
dense1	deliv	reasoning	plain	0	28.89	3000				
dense1	stock	reasoning	static_n3	0	46.79	3000	0.58571	2.76	1910	3261
dense1	pr	reasoning	static_n3	0	46.80	3000	0.58571	2.76	1910	3261
dense1	deliv	reasoning	static_n3	0	47.89	3000	0.60150	2.80	1929	3207
dense1	pr	reasoning	mtp_n9	0	46.65	3000	0.58404	2.77	1918	3284
dense1	deliv	reasoning	mtp_n9	0	46.27	3000	0.57289	2.90	1965	3430
dense1	deliv	reasoning	mtp_n9s9	0	47.20	3000	0.56835	3.01	2004	3526
dense1	pr	reasoning	combo_n9nm45	0	46.81	3000	0.58404	2.77	1918	3284
dense1	deliv	reasoning	combo_n9nm45	0	46.70	3000	0.57692	2.86	1950	3380
dense1	deliv	reasoning	combo_n9s9nm45	0	45.50	3000	0.54056	2.80	1926	3563
dense1	deliv	reasoning	adaptive_n7	0	46.81	3000	0.58719	2.87	1953	3326
dense1	pr	reasoning	adaptive_n12	0	46.81	3000	0.58404	2.77	1918	3284
dense1	deliv	reasoning	adaptive_n12	0	47.19	3000	0.56835	3.01	2004	3526
dense1	pr	reasoning	pinned8	0	46.26	3000	0.31791	3.54	2151	6766
dense1	deliv	reasoning	pinned8	0	47.13	3000	0.32626	3.61	2168	6645
dense1	pr	reasoning	pinned12	0	38.45	3000	0.20459	3.45	2130	10411
dense1	deliv	reasoning	pinned12	0	38.83	3000	0.20785	3.49	2140	10296
dense1	stock	recall	plain	0	28.34	498				
dense1	pr	recall	plain	0	28.35	498				
dense1	deliv	recall	plain	0	28.97	498				
dense1	stock	recall	static_n3	0	67.69	498	0.99200	3.98	372	375
dense1	pr	recall	static_n3	0	67.65	498	0.99200	3.98	372	375
dense1	deliv	recall	static_n3	0	68.26	498	0.99200	3.98	372	375
dense1	pr	recall	mtp_n9	0	100.60	498	0.97315	7.90	435	447
dense1	deliv	recall	mtp_n9	0	99.05	498	0.96087	8.49	442	460
dense1	deliv	recall	mtp_n9s9	0	120.33	498	0.95299	9.58	446	468
dense1	pr	recall	combo_n9nm45	0	272.04	498	0.98969	26.26	480	485
dense1	deliv	recall	combo_n9nm45	0	212.31	498	0.97581	33.27	484	496
dense1	deliv	recall	combo_n9s9nm45	0	236.48	498	0.96813	38.38	486	502
dense1	deliv	recall	adaptive_n7	0	75.69	498	0.98161	6.77	427	435
dense1	pr	recall	adaptive_n12	0	106.27	498	0.96320	8.95	445	462
dense1	deliv	recall	adaptive_n12	0	127.88	498	0.96000	11.13	456	475
dense1	pr	recall	pinned8	0	113.63	498	0.96930	8.75	442	456
dense1	deliv	recall	pinned8	0	114.57	498	0.96930	8.75	442	456
dense1	pr	recall	pinned12	0	132.21	498	0.93496	12.22	460	492
dense1	deliv	recall	pinned12	0	134.95	498	0.93496	12.22	460	492
moe1	stock	code-python	plain	0	86.10	3000				
moe1	pr	code-python	plain	0	86.17	3000				
moe1	deliv	code-python	plain	0	92.46	3000				
moe1	stock	code-python	static_n3	0	172.10	3000	0.87874	3.64	2174	2474
moe1	pr	code-python	static_n3	0	172.42	3000	0.87874	3.64	2174	2474
moe1	deliv	code-python	static_n3	0	180.59	3000	0.87763	3.63	2173	2476
moe1	pr	code-python	adaptive_n7	0	167.48	3000	0.71270	4.84	2379	3338
moe1	deliv	code-python	adaptive_n7	0	182.89	3000	0.69793	5.52	2456	3519
moe1	pr	code-python	adaptive_n12	0	133.49	3000	0.59756	5.04	2404	4023
moe1	deliv	code-python	adaptive_n12	0	167.16	3000	0.64573	5.87	2488	3853
moe1	stock	prose-rdna-boosts	plain	0	84.91	1924				
moe1	pr	prose-rdna-boosts	plain	0	84.96	1924				
moe1	deliv	prose-rdna-boosts	plain	0	91.10	2042				
moe1	stock	prose-rdna-boosts	static_n3	0	155.13	2063	0.77814	3.33	1445	1857
moe1	pr	prose-rdna-boosts	static_n3	0	155.87	2063	0.77814	3.33	1445	1857
moe1	deliv	prose-rdna-boosts	static_n3	0	157.71	2042	0.74656	3.24	1411	1890
moe1	pr	prose-rdna-boosts	adaptive_n7	0	135.91	1827	0.54461	4.36	1410	2589
moe1	deliv	prose-rdna-boosts	adaptive_n7	0	155.78	2042	0.66181	3.77	1499	2265
moe1	pr	prose-rdna-boosts	adaptive_n12	0	134.20	1784	0.59758	3.57	1286	2152
moe1	deliv	prose-rdna-boosts	adaptive_n12	0	148.85	1953	0.60107	3.91	1454	2419
moe1	stock	reasoning	plain	0	85.94	3000				
moe1	pr	reasoning	plain	0	86.16	3000				
moe1	deliv	reasoning	plain	0	92.45	3000				
moe1	stock	reasoning	static_n3	0	162.41	3000	0.81571	3.45	2129	2610
moe1	pr	reasoning	static_n3	0	163.18	3000	0.81571	3.45	2129	2610
moe1	deliv	reasoning	static_n3	0	156.12	3000	0.71344	3.14	2044	2865
moe1	pr	reasoning	adaptive_n7	0	150.70	3000	0.61951	4.57	2343	3782
moe1	deliv	reasoning	adaptive_n7	0	151.03	3000	0.65376	3.31	2094	3203
moe1	pr	reasoning	adaptive_n12	0	124.91	3000	0.53799	4.73	2365	4396
moe1	deliv	reasoning	adaptive_n12	0	158.98	3000	0.63151	4.18	2281	3612
moe1	stock	recall	plain	0	86.07	498				
moe1	pr	recall	plain	0	86.16	498				
moe1	deliv	recall	plain	0	92.35	498				
moe1	stock	recall	static_n3	0	185.39	498	0.98677	3.96	373	378
moe1	pr	recall	static_n3	0	185.77	498	0.98677	3.96	373	378
moe1	deliv	recall	static_n3	0	195.74	498	0.98677	3.96	373	378
moe1	pr	recall	adaptive_n7	0	208.84	498	0.97052	6.86	428	441
moe1	deliv	recall	adaptive_n7	0	226.39	498	0.95291	6.59	425	446
moe1	pr	recall	adaptive_n12	0	191.59	498	0.94670	8.79	444	469
moe1	deliv	recall	adaptive_n12	0	239.17	498	0.91348	10.66	454	497
q8t2	pr	code-python	mtp_n9	0	88.45	3000	0.67838	6.65	2548	3756
q8t2	deliv	code-python	mtp_n9	0	93.49	3000	0.67367	6.44	2533	3760
q8t2	deliv	code-python	mtp_n9s9	0	97.12	3000	0.66849	7.01	2571	3846
q8t2	pr	code-python	combo_n9nm45	0	88.41	3000	0.67838	6.65	2548	3756
q8t2	deliv	code-python	combo_n9nm45	0	93.62	3000	0.67367	6.44	2533	3760
q8t2	deliv	code-python	combo_n9s9nm45	0	96.82	3000	0.66849	7.01	2571	3846
q8t2	pr	code-python	adaptive_n12	0	83.73	3000	0.58614	7.16	2579	4400
q8t2	deliv	code-python	adaptive_n12	0	95.76	3000	0.66094	7.11	2577	3899
q8t2	pr	code-python	pinned8	0	90.56	3000	0.68818	6.51	2538	3688
q8t2	deliv	code-python	pinned8	0	98.16	3000	0.71130	6.68	2550	3585
q8t2	pr	code-python	pinned12	0	83.64	3000	0.53147	7.37	2592	4877
q8t2	deliv	code-python	pinned12	0	93.99	3000	0.55515	7.65	2607	4696
q8t2	pr	prose-rdna-boosts	mtp_n9	0	68.85	2299	0.57416	4.89	1831	3189
q8t2	deliv	prose-rdna-boosts	mtp_n9	0	80.32	2279	0.65345	4.73	1797	2750
q8t2	deliv	prose-rdna-boosts	mtp_n9s9	0	80.85	2353	0.62703	5.10	1893	3019
q8t2	pr	prose-rdna-boosts	combo_n9nm45	0	68.78	2299	0.57416	4.89	1831	3189
q8t2	deliv	prose-rdna-boosts	combo_n9nm45	0	80.28	2279	0.65345	4.73	1797	2750
q8t2	deliv	prose-rdna-boosts	combo_n9s9nm45	0	80.72	2353	0.62703	5.10	1893	3019
q8t2	pr	prose-rdna-boosts	adaptive_n12	0	66.41	2299	0.52539	5.00	1842	3506
q8t2	deliv	prose-rdna-boosts	adaptive_n12	0	80.89	2353	0.62703	5.10	1893	3019
q8t2	pr	prose-rdna-boosts	pinned8	0	72.62	2440	0.54067	5.33	1981	3664
q8t2	deliv	prose-rdna-boosts	pinned8	0	77.37	2369	0.54734	5.38	1931	3528
q8t2	pr	prose-rdna-boosts	pinned12	0	69.50	2154	0.43618	6.23	1811	4152
q8t2	deliv	prose-rdna-boosts	pinned12	0	70.13	2302	0.39687	5.76	1905	4800
